{
  "version": "2.0",
  "devices": {
    "snapdragon_8gen1": {
      "cpu": {
        "big_cores": [4, 5, 6, 7],
        "little_cores": [0, 1, 2, 3],
        "max_freq_big": 3000000,
        "max_freq_little": 1804800
      },
      "gpu": "adreno_730",
      "thermal_zones": ["cpu-0-max", "gpu-max"],
      "optimizations": {
        "bus_dcvs": true,
        "memlat": true
      }
    },
    "snapdragon_8gen2": {
      "cpu": {
        "prime_core": [7],
        "big_cores": [4, 5, 6],
        "little_cores": [0, 1, 2, 3],
        "max_freq_prime": 3200000,
        "max_freq_big": 2800000,
        "max_freq_little": 1996800
      },
      "gpu": "adreno_740",
      "thermal_zones": ["cpu-0-max", "gpu-max"],
      "optimizations": {
        "bus_dcvs": true,
        "memlat": true,
        "l3_cache": true
      }
    },
    "dimensity_9000": {
      "cpu": {
        "big_cores": [6, 7],
        "mid_cores": [4, 5],
        "little_cores": [0, 1, 2, 3],
        "max_freq_big": 3050000,
        "max_freq_mid": 2850000,
        "max_freq_little": 1800000
      },
      "gpu": "mali_g710",
      "thermal_zones": ["cpu-thermal", "gpu-thermal"]
    },
    "exynos_2200": {
      "cpu": {
        "big_cores": [6, 7],
        "mid_cores": [4, 5],
        "little_cores": [0, 1, 2, 3],
        "max_freq_big": 2800000,
        "max_freq_mid": 2520000,
        "max_freq_little": 1785600
      },
      "gpu": "xclipse_920",
      "thermal_zones": ["big-cpu-thermal", "gpu-thermal"]
    },
    "generic": {
      "cpu": {
        "cores": "auto_detect",
        "freq": "auto_detect"
      },
      "gpu": "auto_detect",
      "thermal_zones": "auto_detect",
      "safe_mode": true
    }
  },
  "auto_detection": {
    "enabled": true,
    "fallback_to_generic": true,
    "detect_from": [
      "/sys/devices/soc0/soc_id",
      "/proc/cpuinfo",
      "/sys/class/kgsl/kgsl-3d0/gpu_model"
    ]
  }
}
