{
  "version": "2.0",
  "default": "balanced",
  "profiles": {
    "battery": {
      "name": "Battery Saver",
      "description": "Maximum battery life with minimal performance impact",
      "cpu": {
        "governor": "powersave",
        "max_freq_percent": 60,
        "boost": false,
        "cores_online": 4
      },
      "gpu": {
        "governor": "powersave",
        "max_freq_percent": 50,
        "force_clk": false
      },
      "display": {
        "refresh_rate": 60,
        "touch_boost": false
      },
      "thermal": {
        "enabled": true,
        "threshold": 65
      }
    },
    "balanced": {
      "name": "Balanced",
      "description": "Optimal balance between performance and battery life",
      "cpu": {
        "governor": "schedutil",
        "max_freq_percent": 85,
        "boost": true,
        "boost_duration": 100
      },
      "gpu": {
        "governor": "msm-adreno-tz",
        "max_freq_percent": 85,
        "force_clk": false
      },
      "display": {
        "refresh_rate": "auto",
        "touch_boost": true
      },
      "thermal": {
        "enabled": true,
        "threshold": 75
      }
    },
    "gaming": {
      "name": "Gaming Mode",
      "description": "Maximum performance for gaming and heavy tasks",
      "cpu": {
        "governor": "performance",
        "max_freq_percent": 100,
        "boost": true,
        "boost_duration": 150,
        "cores_online": "all"
      },
      "gpu": {
        "governor": "performance",
        "max_freq_percent": 100,
        "force_clk": true,
        "force_rail": true,
        "force_bus": true
      },
      "display": {
        "refresh_rate": "max",
        "touch_boost": true,
        "touch_polling": 240
      },
      "thermal": {
        "enabled": false,
        "threshold": 85
      },
      "io": {
        "scheduler": "deadline",
        "read_ahead": 2048
      },
      "memory": {
        "swappiness": 10,
        "cache_pressure": 50
      }
    },
    "extreme": {
      "name": "Extreme Performance",
      "description": "Absolute maximum performance - USE WITH CAUTION",
      "cpu": {
        "governor": "performance",
        "max_freq_percent": 100,
        "min_freq_percent": 100,
        "boost": true,
        "boost_duration": 200,
        "cores_online": "all"
      },
      "gpu": {
        "governor": "performance",
        "max_freq_percent": 100,
        "min_freq_percent": 100,
        "force_clk": true,
        "force_rail": true,
        "force_bus": true
      },
      "display": {
        "refresh_rate": "max",
        "touch_boost": true,
        "touch_polling": 360
      },
      "thermal": {
        "enabled": false,
        "threshold": 95
      },
      "warning": "This profile may cause overheating. Use for short periods only."
    }
  }
}
